Product Line,Product Name,Condition,Number,Set,Rarity,Quantity,Main Photo URL
Magic,Zulaport Cutthroat,Lightly Played,126,Battle for Zendikar,U,1,
Magic,Hydra Omnivore,Lightly Played,,Commander,R,1,
Magic,Nihil Spellbomb,Lightly Played,218,Commander 2017,C,1,
Magic,Vivid Grove,Lightly Played,291,Commander 2017,U,1,
Magic,Warstorm Surge,Lightly Played,155,Commander 2019,R,1,
Magic,Beast Whisperer,Lightly Played,167,Commander 2020,R,1,
Magic,Cartographer's Hawk,Lightly Played,24,Commander 2020,R,1,
Magic,Commander's Sphere,Lightly Played,240,Commander 2020,C,2,
Magic,Crop Rotation,Lightly Played,169,Commander 2020,C,1,
Magic,Duneblast,Lightly Played,211,Commander 2020,R,1,
Magic,Exotic Orchard,Lightly Played,273,Commander 2020,R,3,
Magic,Heroes' Bane,Lightly Played,175,Commander 2020,U,39,
Magic,Krosan Grip,Lightly Played,181,Commander 2020,U,1,
Magic,Magus of the Wheel,Lightly Played,156,Commander 2020,R,1,
Magic,Outpost Siege,Lightly Played,157,Commander 2020,R,1,
Magic,Reveillark,Lightly Played,97,Commander 2020,R,1,
Magic,Shivan Reef,Lightly Played,310,Commander 2020,R,3,
Magic,Skycloud Expanse,Lightly Played,312,Commander 2020,R,1,
Magic,Sol Ring,Lightly Played,252,Commander 2020,U,8,
Magic,Species Specialist,Lightly Played,47,Commander 2020,R,1,
Magic,Temple of the False God,Lightly Played,319,Commander 2020,U,1,
Magic,Terminate,Lightly Played,231,Commander 2020,U,1,
Magic,Unexpectedly Absent,Lightly Played,106,Commander 2020,R,1,
Magic,Wilderness Reclamation,Lightly Played,196,Commander 2020,U,2,
Magic,Windfall,Lightly Played,128,Commander 2020,U,1,
Magic,Scorch Spitter,Lightly Played,159,Core Set 2020,C,4,
Magic,Animal Sanctuary,Lightly Played,242,Core Set 2021,R,1,
Magic,Frantic Inventory,Lightly Played,50,Core Set 2021,C,5,
Magic,Rewind,Lightly Played,63,Core Set 2021,U,1,
Magic,Selfless Savior,Lightly Played,36,Core Set 2021,U,1,
Magic,Sparkhunter Masticore,Lightly Played,240,Core Set 2021,R,4,
Magic,"Subira, Tulzidi Caravanner",Lightly Played,162,Core Set 2021,R,4,
Magic,Village Rites,Lightly Played,126,Core Set 2021,C,8,
Magic,Watcher of the Spheres,Lightly Played,227,Core Set 2021,U,1,
Magic,Master of Cruelties,Lightly Played,82,Dragon's Maze,M,1,
Magic,Counterspell,Lightly Played,,Duel Decks: Jace vs. Chandra,C,1,
Magic,Imprisoned in the Moon,Lightly Played,65,Eldritch Moon,R,1,
Magic,Legion Loyalist,Lightly Played,97,Gatecrash,R,1,
Magic,Scavenger Grounds,Lightly Played,182,Hour of Devastation,R,1,
Magic,Nature's Claim,Lightly Played,177,Iconic Masters,C,1,
Magic,Genesis Ultimatum (Extended Art),Lightly Played,336,Ikoria: Lair of Behemoths,R,1,
Magic,"Gyruda, Doom of Depths (Extended Art)",Lightly Played,351,Ikoria: Lair of Behemoths,R,1,
Magic,"Kaheera, the Orphanguard (Extended Art)",Lightly Played,353,Ikoria: Lair of Behemoths,R,1,
Magic,"Keruga, the Macrosage",Lightly Played,225,Ikoria: Lair of Behemoths,R,1,
Magic,Lurrus of the Dream-Den,Lightly Played,226,Ikoria: Lair of Behemoths,R,1,
Magic,"Obosh, the Preypiercer (Extended Art)",Lightly Played,357,Ikoria: Lair of Behemoths,R,1,
Magic,Quartzwood Crasher (Extended Art),Lightly Played,341,Ikoria: Lair of Behemoths,R,1,
Magic,"Rielle, the Everwise",Lightly Played,203,Ikoria: Lair of Behemoths,M,1,
Magic,Skull Prophet,Lightly Played,206,Ikoria: Lair of Behemoths,U,1,
Magic,Enduring Sliver,Lightly Played,6,Modern Horizons,C,1,
Magic,Graveshifter,Lightly Played,94,Modern Horizons,U,1,
Magic,"Animar, Soul of Elements",Lightly Played,196,Mystery Booster Cards,M,1,
Magic,Caged Sun,Lightly Played,178,Mystery Booster Cards,R,1,
Magic,Carpet of Flowers,Lightly Played,240,Mystery Booster Cards,U,1,
Magic,Corrupted Conscience,Lightly Played,22,Mystery Booster Cards,U,1,
Magic,Curse of Opulence,Lightly Played,24,Mystery Booster Cards,U,1,
Magic,Desolation Twin,Lightly Played,6,Mystery Booster Cards,R,1,
Magic,Dragon Broodmother,Lightly Played,53,Mystery Booster Cards,M,1,
Magic,Meddling Mage,Lightly Played,8,Mystery Booster Cards,R,4,
Magic,Price of Progress,Lightly Played,141,Mystery Booster Cards,U,1,
Magic,Shattering Spree,Lightly Played,34,Mystery Booster Cards,U,1,
Magic,Tireless Tracker,Lightly Played,233,Mystery Booster Cards,R,1,
Magic,Whir of Invention,Lightly Played,49,Mystery Booster Cards,R,1,
Magic,Icon of Ancestry,Lightly Played,229,Promo Pack: Core Set 2020,R,1,
Magic,Piper of the Swarm,Lightly Played,100,Promo Pack: Throne of Eldraine,R,1,
Magic,Kenrith's Transformation,Lightly Played,164,Throne of Eldraine,U,1,
Magic,Oakhame Adversary,Lightly Played,167,Throne of Eldraine,U,1,
Magic,Angrath's Rampage,Lightly Played,185,War of the Spark,U,2,
Magic,Blast Zone,Lightly Played,244,War of the Spark,R,2,
Magic,"Storrev, Devkarin Lich",Lightly Played,219,War of the Spark,R,1,
Magic,Phage the Untouchable,Moderately Played,166,10th Edition,R,1,
Magic,Ashnod's Altar,Moderately Played,,Chronicles,C,2,
Magic,Skred,Moderately Played,97,Coldsnap,C,4,
Magic,Crescendo of War,Moderately Played,,Commander,R,1,
Magic,"Karador, Ghost Chieftain",Moderately Played,,Commander,M,1,
Magic,Baleful Strix,Moderately Played,177,Commander 2013,U,1,
Magic,Disciple of Bolas,Moderately Played,140,Commander 2014,R,1,
Magic,Return to Dust,Moderately Played,85,Commander 2014,U,1,
Magic,Collective Voyage,Moderately Played,145,Commander 2016,R,1,
Magic,"Geth, Lord of the Vault",Moderately Played,114,Commander 2019,M,1,
Magic,Goblin Chainwhirler,Moderately Played,129,Dominaria,R,2,
Magic,Wear // Tear,Moderately Played,135,Dragon's Maze,U,3,
Magic,Qasali Pridemage,Moderately Played,,Duel Decks: Ajani vs. Nicol Bolas,C,1,
Magic,Torchling,Moderately Played,,Duel Decks: Venser vs. Koth,R,1,
Magic,Cryptbreaker,Moderately Played,86,Eldritch Moon,R,4,
Magic,Tree of Perdition,Moderately Played,109,Eldritch Moon,M,1,
Magic,Gurmag Angler,Moderately Played,72,Fate Reforged,C,4,
Magic,Abrade,Moderately Played,83,Hour of Devastation,U,2,
Magic,Door of Destinies,Moderately Played,208,Magic 2014 (M14),R,1,
Magic,Galerider Sliver,Moderately Played,57,Magic 2014 (M14),R,1,
Magic,Predatory Sliver,Moderately Played,189,Magic 2014 (M14),C,1,
Magic,Ratchet Bomb,Moderately Played,215,Magic 2014 (M14),R,1,
Magic,Hangarback Walker,Moderately Played,229,Magic Origins,R,1,
Magic,Tainted Remedy,Moderately Played,120,Magic Origins,R,1,
Magic,Brainstorm,Moderately Played,61,Mercadian Masques,C,1,
Magic,Counterspell,Moderately Played,69,Mercadian Masques,C,1,
Magic,Dark Ritual,Moderately Played,129,Mercadian Masques,C,1,
Magic,Spell Snare,Moderately Played,64,Modern Masters,U,3,
Magic,Reckless Bushwhacker,Moderately Played,116,Oath of the Gatewatch,U,1,
Magic,True Believer,Moderately Played,57,Onslaught,R,1,
Magic,Silverclad Ferocidons,Moderately Played,115,Promo Pack: Core Set 2020,R,1,
Magic,Piper of the Swarm,Moderately Played,100,Promo Pack: Throne of Eldraine,R,1,
Magic,Kitchen Finks,Moderately Played,,Shadowmoor,U,1,
Magic,Runed Halo,Moderately Played,,Shadowmoor,R,3,
Magic,Game Trail,Moderately Played,276,Shadows over Innistrad,R,4,
Magic,Hanweir Militia Captain,Moderately Played,21,Shadows over Innistrad,R,1,
Magic,Port Town,Moderately Played,278,Shadows over Innistrad,R,4,
Magic,Fatestitcher,Moderately Played,,Shards of Alara,U,1,
Magic,Blue Elemental Blast,Moderately Played,2,Signature Spellbook: Jace,R,1,
Magic,Psychic Intrusion,Moderately Played,200,Theros,R,1,
Magic,Underworld Breach,Moderately Played,161,Theros Beyond Death,R,1,
Magic,"Emry, Lurker of the Loch",Moderately Played,43,Throne of Eldraine,R,1,
Magic,Wishclaw Talisman,Moderately Played,110,Throne of Eldraine,R,1,
Magic,Mayhem Devil,Moderately Played,204,War of the Spark,U,1,
Magic,Angel of Invention,Heavily Played,4,Kaladesh,M,1,
Magic,Dark Ritual,Heavily Played,,Mirage,C,1,
Magic,Ethereal Armor,Heavily Played,9,Return to Ravnica,C,1,
Magic,Swords to Plowshares,Damaged,302,Fourth Edition,U,1,
Magic,Vault of Whispers,Damaged,286,Mirrodin,C,1,
Magic,"Kenrith, the Returned King",Lightly Played Foil,303,Buy-A-Box Promos,M,1,
Magic,"Mairsil, the Pretender",Lightly Played Foil,41,Commander 2017,M,1,
Magic,Tolarian Kraken,Lightly Played Foil,80,Core Set 2021,U,2,
Magic,Aegis of the Gods,Lightly Played Foil,1,Journey Into Nyx,R,1,
Magic,Identity Thief,Lightly Played Foil,64,Launch Party & Release Event Promos,P,1,
Magic,Lancer Sliver,Lightly Played Foil,18,Modern Horizons,C,1,
Magic,Braid of Fire,Lightly Played Foil,78,Mystery Booster: Retail Exclusives,R,3,
Magic,Sundial of the Infinite,Lightly Played Foil,218,Mystery Booster: Retail Exclusives,R,2,
Magic,Dryad of the Ilysian Grove,Lightly Played Foil,169,Promo Pack: Theros Beyond Death,R,1,
Magic,Fabled Passage,Lightly Played Foil,244,Throne of Eldraine,R,2,
Magic,Ratchet Bomb,Moderately Played Foil,215,Buy-A-Box Promos,P,1,
Magic,Scrap Trawler,Moderately Played Foil,175,Buy-A-Box Promos,P,1,
Magic,"Arahbo, Roar of the World",Moderately Played Foil,35,Commander 2017,M,1,
Magic,Utter End,Moderately Played Foil,210,Game Day & Store Championship Promos,R,1,
Magic,Bident of Thassa,Moderately Played Foil,42,Launch Party & Release Event Promos,P,1,
Magic,Dictate of the Twin Gods,Moderately Played Foil,93,Launch Party & Release Event Promos,P,4,
Magic,Ramunap Excavator,Moderately Played Foil,129,Launch Party & Release Event Promos,P,3,
Magic,Kitchen Finks,Moderately Played Foil,190,Modern Masters,U,1,
Magic,Bant Panorama,Moderately Played Foil,,Shards of Alara,C,1,
Magic,Esper Panorama,Moderately Played Foil,,Shards of Alara,C,1,
Magic,Grixis Panorama,Moderately Played Foil,,Shards of Alara,C,1,
Magic,Jund Panorama,Moderately Played Foil,,Shards of Alara,C,1,
Magic,Naya Panorama,Moderately Played Foil,,Shards of Alara,C,1,
Magic,Ranger of Eos,Moderately Played Foil,,Shards of Alara,R,1,
Magic,Goat Token,Moderately Played Foil,2,Unstable,T,2,
Magic,Elvish Champion,Heavily Played Foil,,7th Edition,R,1,
Magic,Shamanic Revelation,Damaged Foil,138,Buy-A-Box Promos,R,1,
Magic,Arboreal Grazer,Lightly Played - Japanese,149,War of the Spark,C,6,
Magic,"Nissa, Who Shakes the World (JP Alternate Art)",Lightly Played - Japanese,169,War of the Spark,R,2,
Magic,"Ugin, the Ineffable",Lightly Played - Japanese,2,War of the Spark,R,2,
Magic,Liliana's Caress,Moderately Played - Japanese,103,Magic 2011 (M11),U,1,
Magic,Thornbite Staff,Moderately Played - Japanese,,Morningtide,U,1,
Magic,"Nicol Bolas, Dragon-God",Moderately Played - Japanese,207,War of the Spark,M,1,
Transformers TCG,Espionage,Lightly Played,27,Rise of the Combiners,Rare,3,
Transformers TCG,Dinobot Sludge - Dino Demolitions,Lightly Played Foil,18,Rise of the Combiners,Rare,1,
Orders Contained in Pull Sheet:,A0855053-E79742-A73E6 | A0855053-31FEB5-A40F0 | A0855053-6ECC06-29047 | A0855053-A69992-055E0 | A0855053-8D6EEA-EA60E | A0855053-BFF818-0EBDE | A0855053-7F1B35-B5E75 | A0855053-0C6268-D1DB0 | A0855053-7F037E-3AFBC | A0855053-33133B-F14AB | A0855053-414034-DB9C1 | A0855053-C9A46C-8E1C2 | A0855053-36D79F-25207 | A0855053-D0B99E-40071 | A0855053-7F5679-33F41 | A0855053-9E5552-D9DDD | A0855053-95BC29-0C05C | A0855053-0BD3E0-C90EF | A0855053-146E93-958D6 | A0855053-233EA5-7497C | A0855053-26AD55-60FD6 | A0855053-6D1B57-62558 | A0855053-AA3E40-625E9 | A0855053-BA2223-2D72F | A0855053-769738-F0DBB | A0855053-969855-26238 | A0855053-16FE05-98BE2 | A0855053-9DCD21-5B3EC | A0855053-9C7D6F-9E85F | A0855053-AAC282-8FFB0 | A0855053-B4F5C5-EBD3A | A0855053-A8B1B7-D8424 | A0855053-C17954-71611 | A0855053-998018-1BABB | A0855053-8803E4-AD656 | A0855053-453D0E-11E6A | A0855053-6368FF-BD07B | A0855053-FC7DBE-FC3B8 | A0855053-AB59CB-F7637 | A0855053-F7316B-0CC90 | A0855053-64ACCF-9EFCB | A0855053-550D9B-7E098 | A0855053-927463-28089 | A0855053-03F674-407C8 | A0855053-439277-1B4B7 | A0855053-1C8F16-CE01A | A0855053-88ECF7-04D93 | A0855053-59D234-9D5DA | A0855053-336494-E814D | A0855053-B8620C-75134 | A0855053-367BA4-AA987 | A0855053-919894-3BFD8 | A0855053-FDC01E-A409B | A0855053-F8094F-701A6 | A0855053-21BEDE-055E4 | A0855053-6C4048-10544 | A0855053-DCA371-18936 | A0855053-4E3888-A99EF | A0855053-B9B1E9-7AAA5 | A0855053-8A7B43-1AD15 | A0855053-1F1C1A-88C03 | A0855053-71516A-0AC53 | A0855053-3048D0-1DDBA | A0855053-4C9578-3D79C | A0855053-CEE96E-CB280 | A0855053-8CF80B-93A59 | A0855053-4EC540-89C92 | A0855053-AF2874-EB445 | A0855053-236560-57A44 | A0855053-072C75-E120A | A0855053-9A6E10-1A58B | A0855053-7B5E51-50329 | A0855053-628EB3-249D2 | A0855053-DE674C-9D9E0 | A0855053-38FEA2-26817 | A0855053-C407C8-AC207 | A0855053-457DD8-EB684 | A0855053-A6FA73-6F8FA | A0855053-ECC5B9-F10A3 | A0855053-3D7D8B-E5D9A | A0855053-358584-A52D5 | A0855053-DF716F-DD46B | A0855053-7B458A-529C3 | A0855053-9A6D78-B8575 | A0855053-883F86-852DC | A0855053-EC9B12-B44E2,,,,,,
